firebase_uid,email,display_name
tJT3tjyB6aYtP7RwHvSkQMP5BQh2,admin@maigha.com,Admin Maigha
XnXHm58nVAhtLpFz733g5FwqbbB2,admin@upsilon.com,Admin Upsilon
WcAFJI8kGTgvvXuLp8qvP9Z6n5u2,author@upsilon.com,Dev Template Author
9heqkX0RfTQ5SKaGAN1PWdFqVft2,bhavitha@gmail.com,"Potluri, Bhavitha"
0y0ulJlXAuPHN9EssMQH898l7Rq1,client1_testcpa@gmail.com,"TestCPA, Client1"
1hpcPMsSW4d5B9bya1fawy5C4fJ3,client1upsilon@gmail.com,"Upsilon, Client1"
12x8KnGy0TdONMDiyMUDnSN8ol53,client2upsilon@gmail.com,"Upsilon, Client2"
PTJtPAPL0IWcxq845nVf70oYyVG3,fadmin@appaxioms.com,Firm Admin (AppAxioms)
wH2Gz6lTlDUrtjWXUoVcuSR3wKU2,fadmin@maigha.com,fadmin maigha
lLykDgjtLSSZmpx8CsOKButifx42,fadmin@multimagix.com,Firm Admin (MultiMagix)
d3MgZ5pW0getMs4nONceKdFX0ha2,fadmin@testcpa.com,Firm Admin (Test CPA)
YpRx8GgVWnSLzcCkPq4cHY4RI402,fadmin@upsilon.com,Firm Admin (Upsilon)
test-firm-manager-001,firm-manager@test.local,Test Firm Manager
RR739V0H1hVXqpYtlfi4rUP0Obp2,firmmgr@testcpa.firm,Firm Manager (Test CPA)
esxy7AmSQFVzlfuEODj6MUQypNK2,fmgr@appaxioms.com,Firm Manager (AppAxioms)
FKaEIYbYULXt8Zm7Uw3uzqJdPrg2,fmgr@maigha.com,Firm Manager (Maigha)
nNRCUSTFIQVltu4XKOsFiIDgWFA3,fmgr@multimagix.com,Firm Manager (MultiMagix)
BLn4UBau41aOn9PaO9y094i00fv2,fmgr@upsilon.com,Firm Manager (upsilon)
bt7OjzVBkGg83Z2LqrJSEesfVkt1,fusr@appaxioms.com,Firm User (App Axioms)
mDV9EElmPtSREz1GIVyymKvDkAc2,fusr@maigha.com,firmuser maigha
7Hx6bH1KVNRIOTImY9PYzrfoaZ53,fusr@multimagix.com,Firm User (MultiMagix)
gWnpNJtcABVcCia2d8xeow9OR2W2,fusr@testcpa.com,Firm User (Test CPA)
03D6AgpgZJgh0lnCIOxF5GYooI63,fusr@upsilon.com,Firm User (Upsilon)
rFiBNrmA8LgSQsvbGgHxMAHDWUr1,hrushi@gmail.com,"Vetagiri, Hrushi"
FZc37SSdQIORSEHPAhMPmWtsxxJ2,kanchana@gmail.com,"Potluri, Kanchana"
qfziAr2lPxOP2webkn6Mq8yghL02,manoj@gmail.com,"Ponnaluri, Manoj"
bYAmHsCEDCSQSYT2sbDH4ABW8km1,nikhil@upsilonservices.com,Nikhil kukudala
6Amq5vZ6MNaYOBWWBuOtBJ7r7N22,phani@gmail.com,"Koppisetti, Phani"
16ecCa5DtrNRi6wYedYfj71DhTC3,phani.koppisetti@maigha.com,Phani
GL7rHmR9n7hyVcKxb0xESA3HVac2,qa@upsilon.com,Dev Template QA
6JvdArFRjWMtXpSlxEmindghXdI3,rambabu@gmail.com,"Mekala, Rambabu"
zNj5o1mxDyQ6fOJADOhSInx0JjP2,reviewer@upsilon.com,Dev Template Reviewer
V5VPisQRceS0UvHgJt4JFLvEY4a2,santhi@gmail.com,"Koppisetti, Santhi"
9nscMP9ljWgr5FFaCtqPS82L53x2,siddarth@gmail.com,"Potluri, Siddharth"
OWQwpSGtB8faFlAaPtXaBDNqaur2,sms@maigha.com,SMS Maigha
m6kbIW0f3pVMUSlHYMm5e6BSY232,spotlur@gmail.com,"Potluri, Suresh"
PuNSX6i8pNYhrbuVWnjOPiRvWr33,srshsiddarth@upsilon.com,Siddarth
jHKkxvtYP9emIWJj7Br2gFisN9S2,suresh@maigha.com,Suresh@Maigha
PrLMvU8yVhbuMGTvlgTshaf18uC3,tls@maigha.com,TLS Maigha
9FcDd8wtBNgLjLKZ8r9rr5Fntsq1,vinod.kumar@upsilon.com,Vinod Kumar
